{
  "cox_ph_iss_stage": {
    "3": {
      "c_index": 0.5720164609053497,
      "n": 24
    },
    "1": {
      "c_index": 0.46153846153846156,
      "n": 32
    },
    "2": {
      "c_index": 0.5,
      "n": 44
    },
    "disparity": 0.11047799936688818
  },
  "deepsurv_iss_stage": {
    "3": {
      "c_index": 0.51440329218107,
      "n": 24
    },
    "1": {
      "c_index": 0.4405594405594406,
      "n": 32
    },
    "2": {
      "c_index": 0.5219941348973607,
      "n": 44
    },
    "disparity": 0.08143469433792011
  },
  "rsf_iss_stage": {
    "3": {
      "c_index": 0.42386831275720166,
      "n": 24
    },
    "1": {
      "c_index": 0.5,
      "n": 32
    },
    "2": {
      "c_index": 0.4662756598240469,
      "n": 44
    },
    "disparity": 0.07613168724279834
  },
  "attention_fusion_iss_stage": {
    "3": {
      "c_index": 0.6090534979423868,
      "n": 24
    },
    "1": {
      "c_index": 0.4755244755244755,
      "n": 32
    },
    "2": {
      "c_index": 0.5087976539589443,
      "n": 44
    },
    "disparity": 0.13352902241791131
  },
  "cox_ph_cytogenetic_risk": {
    "standard": {
      "c_index": 0.5562579013906448,
      "n": 47
    },
    "high": {
      "c_index": 0.5923423423423423,
      "n": 34
    },
    "unknown": {
      "c_index": 0.6881720430107527,
      "n": 19
    },
    "disparity": 0.13191414162010795
  },
  "deepsurv_cytogenetic_risk": {
    "standard": {
      "c_index": 0.5802781289506953,
      "n": 47
    },
    "high": {
      "c_index": 0.545045045045045,
      "n": 34
    },
    "unknown": {
      "c_index": 0.6236559139784946,
      "n": 19
    },
    "disparity": 0.0786108689334496
  },
  "rsf_cytogenetic_risk": {
    "standard": {
      "c_index": 0.40328697850821743,
      "n": 47
    },
    "high": {
      "c_index": 0.49774774774774777,
      "n": 34
    },
    "unknown": {
      "c_index": 0.16129032258064516,
      "n": 19
    },
    "disparity": 0.33645742516710264
  },
  "attention_fusion_cytogenetic_risk": {
    "standard": {
      "c_index": 0.5398230088495575,
      "n": 47
    },
    "high": {
      "c_index": 0.6283783783783784,
      "n": 34
    },
    "unknown": {
      "c_index": 0.6881720430107527,
      "n": 19
    },
    "disparity": 0.14834903416119527
  }
}