{
  "cox_ph": {
    "c_index": 0.5782293986636972,
    "c_index_ci": {
      "point_estimate": 0.5782293986636972,
      "ci_lower": 0.5007784480571612,
      "ci_upper": 0.6461280487804879,
      "std": 0.03674869842654051
    }
  },
  "deepsurv": {
    "c_index": 0.5812917594654788,
    "c_index_ci": {
      "point_estimate": 0.5812917594654788,
      "ci_lower": 0.5066464991645633,
      "ci_upper": 0.6414334295738355,
      "std": 0.035117148853073876
    }
  },
  "rsf": {
    "c_index": 0.38752783964365256,
    "c_index_ci": {
      "point_estimate": 0.38752783964365256,
      "ci_lower": 0.3199936546416462,
      "ci_upper": 0.4737787732406297,
      "std": 0.04122845635798683
    }
  },
  "response_classifier": {
    "auroc": 0.5030599755201958,
    "auprc": 0.44758986078222124,
    "f1": 0.4946236559139785,
    "balanced_accuracy": 0.5305997552019583,
    "confusion_matrix": [
      [
        30,
        27
      ],
      [
        20,
        23
      ]
    ]
  },
  "attention_fusion": {
    "c_index": 0.5974387527839644,
    "c_index_ci": {
      "point_estimate": 0.5974387527839644,
      "ci_lower": 0.5089413977555772,
      "ci_upper": 0.6743241731639315,
      "std": 0.042695499969833364
    }
  }
}