{
  "run_id": "20260323_052105",
  "stages": [
    "ingest",
    "features",
    "cohort",
    "train",
    "evaluate",
    "interpret",
    "report"
  ],
  "timings": {
    "ingest": 0.22748088836669922,
    "features": 0.2496333122253418,
    "cohort": 0.016518592834472656,
    "train": 3.18125057220459,
    "evaluate": 0.49224376678466797,
    "interpret": 1.1489160060882568,
    "report": 0.19954371452331543
  },
  "total_seconds": 5.516693592071533,
  "status": "success",
  "timestamp": "2026-03-23T05:21:11.100405"
}