{
  "run_id": "20260328_142153",
  "stages": [
    "ingest",
    "features",
    "cohort",
    "train",
    "evaluate",
    "interpret",
    "report",
    "autotune"
  ],
  "timings": {
    "ingest": 0.23622775077819824,
    "features": 0.3995828628540039,
    "cohort": 0.013460874557495117,
    "train": 3.477081060409546,
    "evaluate": 0.49312424659729004,
    "interpret": 1.2809081077575684,
    "report": 0.20017457008361816,
    "autotune": 16.052271842956543
  },
  "total_seconds": 22.154205322265625,
  "status": "success",
  "timestamp": "2026-03-28T14:22:15.447197"
}